,JobRuntime,Command,Factor,type,time1,time2,time3,time4,time5,mean,sd,median
0,67.064,cholesky,0.05,plp,67.064,67.038,67.012,67.072,66.875,67.00699999999999,0.0789746794865284,67.012
1,66.967,cholesky,0.10,plp,66.967,67.002,67.226,67.083,67.056,67.11159999999998,0.11290836992889447,67.083
2,67.18,cholesky,0.15,plp,67.18,66.952,67.024,66.99600000000001,67.066,67.05800000000002,0.07263607918934023,67.024
3,67.118,cholesky,0.20,plp,67.118,67.075,67.002,67.09899999999999,66.98,67.0402,0.0633498224149015,67.002
4,67.047,cholesky,0.25,plp,67.047,67.101,67.079,67.041,66.94800000000001,67.0388,0.05373267162536573,67.047
5,44.835,cholesky,0.30,plp,44.835,44.653,44.733000000000004,44.667,44.708,44.735200000000006,0.06196934726136787,44.733000000000004
6,42.317,cholesky,0.35,plp,42.317,42.277,42.44,42.378,42.177,42.35039999999999,0.10954588079886815,42.378
7,39.879,cholesky,0.40,plp,39.879,39.9,39.972,39.961999999999996,39.784,39.913799999999995,0.08239660187167971,39.961999999999996
8,37.382,cholesky,0.45,plp,37.382,37.47,37.536,37.461999999999996,37.373000000000005,37.4578,0.0793485979712306,37.461999999999996
9,34.931999999999995,cholesky,0.50,plp,34.931999999999995,34.773,34.93,34.909,34.995,34.9392,0.03258373827540304,34.93
10,32.231,cholesky,0.55,plp,32.231,32.162,32.164,32.234,32.159,32.1904,0.03850064934517403,32.164
11,29.404,cholesky,0.60,plp,29.404,29.309,29.328000000000003,29.383000000000003,29.401999999999997,29.369,0.03831448812133413,29.383000000000003
12,26.489,cholesky,0.65,plp,26.489,26.49,26.463,26.511,26.453000000000003,26.4758,0.023773935307389592,26.463
13,23.719,cholesky,0.70,plp,23.719,23.689,23.688000000000002,23.761,23.639,23.698999999999998,0.044961094292732484,23.688000000000002
14,20.896,cholesky,0.75,plp,20.896,20.886,20.858,20.845,20.811,20.8536,0.030517208260259086,20.858
15,18.025,cholesky,0.80,plp,18.025,18.033,18.102999999999998,18.016,17.98,18.045399999999997,0.05521141186385212,18.025
16,15.194,cholesky,0.85,plp,15.194,15.187000000000001,15.197000000000001,15.175,15.115,15.1756,0.03509700841952233,15.194
17,12.319,cholesky,0.90,plp,12.319,12.272,12.273,12.282,12.25,12.279399999999999,0.025105776227793048,12.273
18,9.434,cholesky,0.95,plp,9.434,9.421,9.406,9.407,9.396,9.4098,0.01425482374496379,9.406
19,6.013999999999999,cholesky,1.00,plp,6.013999999999999,6.039,6.0,6.006,6.002999999999999,6.0046,0.005813776741499256,6.002999999999999
0,60.113,cholesky,0.05,ess,60.113,60.03,60.1,60.177,60.04600000000001,60.1072,0.046783544115423494,60.1
1,60.424,cholesky,0.10,ess,60.424,60.128,59.821000000000005,60.013000000000005,60.016000000000005,60.019000000000005,0.24621027598375922,60.013000000000005
2,60.28,cholesky,0.15,ess,60.28,60.103,60.273,60.174,60.236999999999995,60.24739999999999,0.044354255714645324,60.273
3,60.371,cholesky,0.20,ess,60.371,60.298,60.369,60.256,60.236000000000004,60.3202,0.06810800246666952,60.369
4,60.357,cholesky,0.25,ess,60.357,60.263000000000005,60.286,60.35,60.36600000000001,60.32899999999999,0.03966106403010479,60.35
5,60.42100000000001,cholesky,0.30,ess,60.42100000000001,60.611000000000004,60.503,60.29600000000001,60.437,60.432,0.08474078120951875,60.437
6,60.562,cholesky,0.35,ess,60.562,60.562,60.542,60.641000000000005,60.614,60.580200000000005,0.044968878126989964,60.562
7,60.543,cholesky,0.40,ess,60.543,60.705,60.638000000000005,60.538999999999994,60.505,60.5726,0.06150040650272452,60.543
8,60.782,cholesky,0.45,ess,60.782,60.746,61.001999999999995,60.751999999999995,60.818999999999996,60.87140000000001,0.12155986179656485,60.818999999999996
9,60.956,cholesky,0.50,ess,60.956,60.933,60.73,61.074,61.005,60.899,0.15986869612278878,60.956
10,61.082,cholesky,0.55,ess,61.082,60.82899999999999,61.055,60.872,61.144,61.0416,0.10153964742897198,61.055
11,60.845,cholesky,0.60,ess,60.845,60.983000000000004,60.852,60.895,61.078,60.90440000000001,0.09905200654202037,60.852
12,60.861000000000004,cholesky,0.65,ess,60.861000000000004,60.913999999999994,60.753,60.805,60.858000000000004,60.806000000000004,0.053263495942345127,60.805
13,60.696999999999996,cholesky,0.70,ess,60.696999999999996,60.821999999999996,60.908,60.851000000000006,60.983000000000004,60.8694,0.10717415733282255,60.908
14,60.843999999999994,cholesky,0.75,ess,60.843999999999994,60.74,60.777,60.724,60.864,60.7972,0.056627731722186,60.777
15,60.731,cholesky,0.80,ess,60.731,60.901,60.845,61.078,60.716,60.842999999999996,0.14483266206211975,60.845
16,60.852,cholesky,0.85,ess,60.852,60.913999999999994,60.843999999999994,60.827,61.016999999999996,60.8768,0.07890310513534934,60.843999999999994
17,60.75899999999999,cholesky,0.90,ess,60.75899999999999,60.787,60.858999999999995,60.728,60.946000000000005,60.830200000000005,0.08743969350358166,60.858999999999995
18,60.763999999999996,cholesky,0.95,ess,60.763999999999996,60.805,60.794,60.727,60.84,60.7838,0.0417875579568871,60.794
19,60.465,cholesky,1.00,ess,60.465,60.303000000000004,60.196999999999996,60.352,60.488,60.339800000000004,0.140152417032318,60.352
0,62.901,cholesky,0.05,eae,62.901,62.608000000000004,62.92100000000001,62.916000000000004,62.651,62.862,0.11823705003086046,62.916000000000004
1,59.84,cholesky,0.10,eae,59.84,59.881,59.93600000000001,59.985,59.842,59.907799999999995,0.0641809940714547,59.93600000000001
2,56.913000000000004,cholesky,0.15,eae,56.913000000000004,57.093999999999994,56.946000000000005,56.891000000000005,56.983999999999995,56.936,0.0355598087733857,56.946000000000005
3,54.086999999999996,cholesky,0.20,eae,54.086999999999996,54.151,54.207,54.233999999999995,54.042,54.15540000000001,0.08520739404535188,54.207
4,51.25899999999999,cholesky,0.25,eae,51.25899999999999,51.144,51.165,51.25,51.21,51.209799999999994,0.04486312516978584,51.21
5,48.332,cholesky,0.30,eae,48.332,48.261,48.297,48.375,48.196999999999996,48.2996,0.06571757755730383,48.297
6,45.45399999999999,cholesky,0.35,eae,45.45399999999999,45.342,45.373999999999995,45.352,45.456,45.402,0.04921381919745844,45.373999999999995
7,42.5,cholesky,0.40,eae,42.5,42.538999999999994,42.43,42.596000000000004,42.45,42.4812,0.07026521187614948,42.45
8,39.645,cholesky,0.45,eae,39.645,39.510999999999996,39.506,39.585,39.559,39.5602,0.05848675063636321,39.559
9,36.688,cholesky,0.50,eae,36.688,36.608000000000004,36.72,36.639,36.678000000000004,36.689,0.033704599092703465,36.688
10,33.751999999999995,cholesky,0.55,eae,33.751999999999995,33.762,33.838,33.839,33.841,33.821600000000004,0.038926854483764504,33.838
11,30.878,cholesky,0.60,eae,30.878,30.858,30.888,30.95,30.874000000000002,30.8956,0.03102901867607066,30.888
12,27.967,cholesky,0.65,eae,27.967,27.983,28.019000000000002,27.983,28.03,28.003600000000006,0.027088743049467276,28.019000000000002
13,25.069000000000003,cholesky,0.70,eae,25.069000000000003,25.078000000000003,25.023000000000003,25.081,25.072,25.053600000000003,0.028280735492555824,25.069000000000003
14,22.158,cholesky,0.75,eae,22.158,22.21,22.15,22.134,22.138,22.146,0.00979795897113236,22.15
15,19.262999999999998,cholesky,0.80,eae,19.262999999999998,19.259,19.242,19.262,19.246,19.250999999999998,0.010630145812734021,19.246
16,16.374000000000002,cholesky,0.85,eae,16.374000000000002,16.351,16.33,16.325,16.345,16.340799999999998,0.020017492350443405,16.33
17,13.492,cholesky,0.90,eae,13.492,13.437000000000001,13.474,13.469000000000001,13.487,13.4792,0.009782637681116424,13.474
18,10.719000000000001,cholesky,0.95,eae,10.719000000000001,10.537,10.549000000000001,10.552,10.546,10.583,0.07605590049430785,10.549000000000001
19,4.845,cholesky,1.00,eae,4.845,4.855,4.851,4.827,4.843,4.843400000000001,0.009838699100999075,4.845
0,67.471,cholesky,0.05,org,67.471,67.253,67.197,67.21600000000001,67.17399999999999,67.251,0.12388099127792127,67.197
1,67.365,cholesky,0.10,org,67.365,67.21300000000001,67.215,67.2,67.217,67.2424,0.06887524954582415,67.215
2,67.565,cholesky,0.15,org,67.565,67.306,67.343,67.105,67.138,67.2988,0.18586608082164707,67.343
3,67.321,cholesky,0.20,org,67.321,67.243,67.252,67.283,67.171,67.2558,0.055251244329876346,67.252
4,67.473,cholesky,0.25,org,67.473,67.21600000000001,67.142,67.167,67.113,67.20739999999999,0.14970070140116284,67.142
5,67.296,cholesky,0.30,org,67.296,67.226,67.259,67.266,67.22800000000001,67.26160000000002,0.024213632523848568,67.259
6,67.337,cholesky,0.35,org,67.337,67.229,67.18,67.324,67.098,67.22380000000001,0.10309801162001067,67.18
7,67.252,cholesky,0.40,org,67.252,67.055,67.218,67.29899999999999,67.138,67.225,0.05888972745733676,67.218
8,67.324,cholesky,0.45,org,67.324,67.297,67.205,67.309,67.181,67.2448,0.06639427686178978,67.205
9,67.21,cholesky,0.50,org,67.21,67.215,67.243,67.101,67.205,67.20039999999999,0.05835923234587479,67.21
10,67.23100000000001,cholesky,0.55,org,67.23100000000001,67.085,67.223,67.08800000000001,67.027,67.1584,0.09465622008087954,67.223
11,67.39699999999999,cholesky,0.60,org,67.39699999999999,67.19800000000001,67.25,67.30199999999999,67.134,67.2666,0.09538238831146598,67.25
12,67.4,cholesky,0.65,org,67.4,67.333,67.11,67.273,67.148,67.2082,0.12638908180693692,67.148
13,67.355,cholesky,0.70,org,67.355,67.179,67.221,67.187,67.143,67.22540000000001,0.0792136351899107,67.221
14,67.39,cholesky,0.75,org,67.39,67.12100000000001,67.134,67.154,67.055,67.1734,0.12690074861875197,67.134
15,67.33,cholesky,0.80,org,67.33,67.131,67.115,67.24600000000001,67.07300000000001,67.17580000000001,0.10801249927670464,67.115
16,67.361,cholesky,0.85,org,67.361,67.28699999999999,67.215,67.3,67.102,67.23859999999999,0.09813918687252216,67.215
17,67.27600000000001,cholesky,0.90,org,67.27600000000001,67.215,68.12100000000001,67.164,67.191,67.5746,0.5005020479478608,67.27600000000001
18,67.373,cholesky,0.95,org,67.373,67.175,67.197,67.208,67.12,67.21900000000001,0.09301343988908314,67.197
19,67.15,cholesky,1.00,org,67.15,67.023,66.99600000000001,66.923,66.976,67.00820000000002,0.08470655228493382,66.99600000000001
20,82.671,lu,0.05,plp,82.671,82.715,82.671,82.52600000000001,82.736,82.655,0.07741123949401438,82.671
21,82.611,lu,0.10,plp,82.611,82.56200000000001,82.45100000000001,82.575,82.73100000000001,82.5638,0.11806438921198885,82.575
22,82.713,lu,0.15,plp,82.713,82.51299999999999,82.571,82.465,82.605,82.58500000000001,0.08884818512496172,82.571
23,82.75299999999999,lu,0.20,plp,82.75299999999999,82.774,82.794,82.641,82.56200000000001,82.7088,0.10322160626534727,82.75299999999999
24,82.66,lu,0.25,plp,82.66,82.58200000000001,82.52799999999999,82.697,82.7,82.6226,0.08778268622001119,82.66
25,60.585,lu,0.30,plp,60.585,60.653999999999996,60.345,60.318999999999996,60.294,60.377599999999994,0.11785923807661572,60.345
26,57.917,lu,0.35,plp,57.917,57.979,58.083,57.809,57.875,57.9534,0.12441382559828287,57.917
27,55.715,lu,0.40,plp,55.715,55.565,55.49,55.396,55.652,55.5486,0.13089614203634942,55.49
28,53.093,lu,0.45,plp,53.093,53.078,53.001999999999995,53.085,53.161,53.06859999999999,0.06758920032076444,53.085
29,50.44,lu,0.50,plp,50.44,50.598,50.494,50.471000000000004,50.625,50.5048,0.07075097172477574,50.494
30,47.802,lu,0.55,plp,47.802,47.97,47.977,47.672,47.801,47.8458,0.13091867704800486,47.802
31,45.09,lu,0.60,plp,45.09,45.08,44.99100000000001,45.041000000000004,44.965,45.015600000000006,0.04987785079571817,44.99100000000001
32,42.292,lu,0.65,plp,42.292,42.292,42.144,42.04600000000001,42.218,42.16880000000001,0.09207171118209885,42.144
33,39.400999999999996,lu,0.70,plp,39.400999999999996,39.363,39.478,39.375,39.383,39.423,0.05108326536156505,39.400999999999996
34,36.475,lu,0.75,plp,36.475,36.588,36.506,36.696999999999996,36.477,36.5322,0.09334184484999042,36.506
35,33.782,lu,0.80,plp,33.782,33.773,33.72,33.760999999999996,33.679,33.7324,0.040116081563380666,33.72
36,30.788,lu,0.85,plp,30.788,30.85,31.160999999999998,30.878,30.729,30.943399999999997,0.20560471784470216,30.878
37,27.95,lu,0.90,plp,27.95,28.017,27.845,27.875,27.928,27.888600000000004,0.048242097798500055,27.875
38,25.206999999999997,lu,0.95,plp,25.206999999999997,25.009,25.041999999999998,24.987,25.023000000000003,25.0602,0.08508055006874268,25.041999999999998
39,7.976,lu,1.00,plp,7.976,7.9510000000000005,7.922000000000001,7.945,7.984,7.949800000000001,0.029260895406668302,7.945
20,76.013,lu,0.05,ess,76.013,75.965,76.192,76.256,76.286,76.18780000000001,0.10593016567531455,76.192
21,75.994,lu,0.10,ess,75.994,75.712,76.381,76.264,76.657,76.33539999999999,0.2393936089372472,76.381
22,76.42399999999999,lu,0.15,ess,76.42399999999999,76.062,76.273,76.569,76.39699999999999,76.38719999999999,0.12306989883802008,76.39699999999999
23,76.247,lu,0.20,ess,76.247,76.87899999999999,76.425,76.373,76.396,76.3732,0.07384578525548949,76.396
24,76.354,lu,0.25,ess,76.354,76.47,76.482,76.973,76.569,76.572,0.2369250936477602,76.482
25,76.709,lu,0.30,ess,76.709,77.46,76.648,76.905,76.44,76.66999999999999,0.16629341538377443,76.648
26,76.625,lu,0.35,ess,76.625,76.669,77.023,76.822,77.128,76.9242,0.2006382316508982,77.023
27,76.53,lu,0.40,ess,76.53,76.74600000000001,76.72,76.933,77.04899999999999,76.7904,0.2030573810527444,76.72
28,76.862,lu,0.45,ess,76.862,76.882,77.271,77.059,77.173,77.12719999999999,0.1720732402205553,77.173
29,77.23,lu,0.50,ess,77.23,76.847,76.903,76.90100000000001,76.891,76.96560000000001,0.14788779530441187,76.903
30,76.953,lu,0.55,ess,76.953,76.988,77.328,77.215,77.365,77.23780000000001,0.16888072714196692,77.328
31,76.696,lu,0.60,ess,76.696,76.815,77.577,77.66,77.14399999999999,77.3308,0.40849320679786155,77.577
32,76.949,lu,0.65,ess,76.949,76.944,77.376,77.146,77.03699999999999,77.17679999999999,0.1947734581507494,77.146
33,76.93,lu,0.70,ess,76.93,76.95,76.986,77.169,77.245,77.0632,0.13592902559791809,76.986
34,76.99,lu,0.75,ess,76.99,76.657,77.029,77.233,77.324,77.12100000000001,0.14819075544716243,77.029
35,76.852,lu,0.80,ess,76.852,76.914,76.967,77.43,76.67399999999999,76.978,0.2796596145316704,76.967
36,76.661,lu,0.85,ess,76.661,76.76899999999999,77.28,77.059,77.3,77.116,0.27291115770521307,77.28
37,76.417,lu,0.90,ess,76.417,76.64399999999999,77.097,77.138,76.957,76.94120000000001,0.3009621238627863,77.097
38,76.634,lu,0.95,ess,76.634,76.686,77.079,76.976,77.062,76.966,0.1904455302704663,77.062
39,75.77,lu,1.00,ess,75.77,75.71600000000001,75.85600000000001,75.618,75.88600000000001,75.7972,0.10914760647857312,75.85600000000001
20,77.566,lu,0.05,eae,77.566,77.539,77.47,77.456,77.585,77.5094,0.060981964546903515,77.47
21,74.855,lu,0.10,eae,74.855,74.55,74.859,74.42699999999999,74.524,74.7048,0.2121183631843326,74.855
22,71.757,lu,0.15,eae,71.757,71.59899999999999,71.878,71.663,71.654,71.76599999999999,0.1099113278966293,71.757
23,68.687,lu,0.20,eae,68.687,68.825,68.84,68.718,68.75,68.767,0.07026378868236653,68.75
24,65.917,lu,0.25,eae,65.917,65.986,66.066,65.925,65.794,65.9536,0.11499695648146754,65.925
25,62.976000000000006,lu,0.30,eae,62.976000000000006,62.903,63.007,63.166000000000004,63.111000000000004,63.053399999999996,0.08107589037439059,63.007
26,60.092,lu,0.35,eae,60.092,60.085,60.068000000000005,60.163999999999994,60.173,60.113,0.05170106381883937,60.092
27,57.413000000000004,lu,0.40,eae,57.413000000000004,57.243,57.231,57.24,57.153999999999996,57.2538,0.09557039290491817,57.231
28,54.305,lu,0.45,eae,54.305,54.479,54.562,54.243,54.54600000000001,54.44359999999999,0.1565033545966343,54.54600000000001
29,51.674,lu,0.50,eae,51.674,51.495,51.496,51.494,51.46,51.524,0.0852408352845036,51.496
30,48.498000000000005,lu,0.55,eae,48.498000000000005,48.506,48.391000000000005,48.536,48.55,48.473200000000006,0.07741253128531293,48.498000000000005
31,45.758,lu,0.60,eae,45.758,45.651,45.648999999999994,45.54600000000001,45.585,45.6374,0.08048788728746563,45.648999999999994
32,42.705,lu,0.65,eae,42.705,42.832,42.696000000000005,42.687,42.623000000000005,42.6814,0.03326108837665886,42.696000000000005
33,39.813,lu,0.70,eae,39.813,39.915,39.839,39.75,39.821,39.8124,0.03668514685809443,39.821
34,36.957,lu,0.75,eae,36.957,36.938,36.941,36.847,36.902,36.91760000000001,0.044371161805839825,36.941
35,33.942,lu,0.80,eae,33.942,34.044000000000004,33.961,33.907,34.143,33.9828,0.09222906266465151,33.961
36,31.101,lu,0.85,eae,31.101,31.15,31.026,31.033,31.052,31.0476,0.031690692639952986,31.033
37,28.165,lu,0.90,eae,28.165,28.111,28.108,28.151999999999997,28.059,28.1184,0.04196784483387133,28.108
38,25.273000000000003,lu,0.95,eae,25.273000000000003,25.263,25.243000000000002,25.22,25.226999999999997,25.241200000000003,0.02042547429070107,25.243000000000002
39,6.666,lu,1.00,eae,6.666,6.6610000000000005,6.667000000000001,6.72,6.727,6.689400000000001,0.031229793467136186,6.667000000000001
20,82.95100000000001,lu,0.05,org,82.95100000000001,82.66,82.641,82.796,82.59299999999999,82.72439999999999,0.14802972674433115,82.641
21,82.947,lu,0.10,org,82.947,82.775,82.789,82.796,82.73,82.8102,0.08100432087240748,82.789
22,82.96700000000001,lu,0.15,org,82.96700000000001,82.806,82.75399999999999,82.677,82.73,82.7764,0.11109140380786003,82.75399999999999
23,83.03200000000001,lu,0.20,org,83.03200000000001,82.637,82.993,82.764,82.791,82.9146,0.12652391078369632,82.993
24,82.965,lu,0.25,org,82.965,82.913,82.729,82.89,82.815,82.8256,0.10290189502628387,82.815
25,82.985,lu,0.30,org,82.985,82.78200000000001,82.93,82.79799999999999,82.84200000000001,82.897,0.07541220060441452,82.93
26,83.008,lu,0.35,org,83.008,82.796,82.791,82.91799999999999,82.694,82.8404,0.12290768893767098,82.791
27,83.016,lu,0.40,org,83.016,82.819,82.802,82.726,82.792,82.8276,0.10999454531930367,82.802
28,82.986,lu,0.45,org,82.986,82.898,82.814,82.72,82.815,82.8298,0.09640124480524366,82.814
29,82.95700000000001,lu,0.50,org,82.95700000000001,82.99,82.805,82.75,82.76299999999999,82.816,0.08259539938762156,82.805
30,82.93799999999999,lu,0.55,org,82.93799999999999,82.859,82.948,82.863,82.792,82.89779999999999,0.0690304280734181,82.93799999999999
31,82.874,lu,0.60,org,82.874,82.723,82.736,82.691,82.637,82.7348,0.08783905737198912,82.736
32,82.74799999999999,lu,0.65,org,82.74799999999999,82.859,82.809,82.90700000000001,82.906,82.8358,0.06917875396392359,82.809
33,82.82700000000001,lu,0.70,org,82.82700000000001,82.899,82.84100000000001,82.85,82.73899999999999,82.81960000000001,0.04580174669158953,82.84100000000001
34,82.79700000000001,lu,0.75,org,82.79700000000001,82.76899999999999,82.712,82.891,82.92,82.80640000000001,0.09743356711113454,82.79700000000001
35,82.73299999999999,lu,0.80,org,82.73299999999999,82.76100000000001,82.84100000000001,82.65799999999999,82.68,82.75059999999999,0.08690972327651947,82.73299999999999
36,82.804,lu,0.85,org,82.804,82.745,82.723,82.626,82.786,82.7324,0.06981618723476574,82.723
37,82.85600000000001,lu,0.90,org,82.85600000000001,82.833,82.704,82.713,82.611,82.71759999999999,0.08790506242532613,82.704
38,82.959,lu,0.95,org,82.959,82.815,82.759,82.677,82.819,82.79460000000002,0.10486562830594154,82.759
39,82.31200000000001,lu,1.00,org,82.31200000000001,82.311,82.365,82.226,82.167,82.287,0.08791188770581417,82.31200000000001
40,81.44,ludcmp,0.05,plp,81.44,81.585,81.503,81.453,81.373,81.45439999999999,0.05375686002734749,81.453
41,81.421,ludcmp,0.10,plp,81.421,81.458,81.479,81.582,81.37,81.4662,0.0791119460005836,81.479
42,81.572,ludcmp,0.15,plp,81.572,81.378,81.398,81.47399999999999,81.452,81.4588,0.07156256004364514,81.452
43,81.377,ludcmp,0.20,plp,81.377,81.42699999999999,81.457,81.439,81.319,81.4098,0.06047478813521842,81.439
44,81.26,ludcmp,0.25,plp,81.26,81.374,81.49,81.3,81.40100000000001,81.38820000000001,0.10618945333694559,81.40100000000001
45,60.11,ludcmp,0.30,plp,60.11,60.1,60.092,60.143,60.221000000000004,60.131600000000006,0.054141481324398784,60.11
46,57.538999999999994,ludcmp,0.35,plp,57.538999999999994,57.567,57.593999999999994,57.43,57.628,57.556999999999995,0.07783315488915925,57.593999999999994
47,54.938,ludcmp,0.40,plp,54.938,54.93,54.863,54.975,55.125,54.9528,0.10781094564096931,54.938
48,52.415,ludcmp,0.45,plp,52.415,52.336000000000006,52.196999999999996,52.335,52.25,52.278800000000004,0.09476391718370619,52.25
49,49.878,ludcmp,0.50,plp,49.878,49.675,49.613,49.631,49.661,49.679199999999994,0.11285034337564075,49.631
50,46.995,ludcmp,0.55,plp,46.995,46.989,46.843999999999994,46.97,46.993,46.929199999999994,0.07839451511426333,46.97
51,44.321000000000005,ludcmp,0.60,plp,44.321000000000005,44.353,44.22,44.151,44.213,44.225,0.06100409822298924,44.22
52,41.45399999999999,ludcmp,0.65,plp,41.45399999999999,41.378,41.34,41.443999999999996,41.345,41.3846,0.058930467501959564,41.345
53,38.523,ludcmp,0.70,plp,38.523,38.553000000000004,38.536,38.562,38.563,38.544,0.017705931209624538,38.536
54,35.613,ludcmp,0.75,plp,35.613,35.69,35.708,35.645,35.592,35.653200000000005,0.053466812136127466,35.645
55,32.799,ludcmp,0.80,plp,32.799,32.687,32.707,32.694,32.717,32.724799999999995,0.04227528828996832,32.707
56,29.828000000000003,ludcmp,0.85,plp,29.828000000000003,29.86,29.789,29.825,29.776,29.8014,0.023543576618687636,29.789
57,26.789,ludcmp,0.90,plp,26.789,26.838,26.793000000000003,26.789,26.818,26.796400000000006,0.01223928102463517,26.793000000000003
58,23.804000000000002,ludcmp,0.95,plp,23.804000000000002,23.861,23.799,23.826,23.846,23.8148,0.0207050718424255,23.804000000000002
59,21.136999999999997,ludcmp,1.00,plp,21.136999999999997,21.081,21.166999999999998,21.108,21.09,21.1338,0.034636685753690784,21.136999999999997
40,73.748,ludcmp,0.05,ess,73.748,74.016,74.17699999999999,73.887,74.096,74.01700000000001,0.1915084854516851,74.096
41,73.959,ludcmp,0.10,ess,73.959,74.065,74.018,73.914,74.138,74.0094,0.08415343130259272,74.018
42,74.05199999999999,ludcmp,0.15,ess,74.05199999999999,74.38600000000001,74.169,74.15100000000001,74.459,74.2,0.1527317910587079,74.169
43,74.20100000000001,ludcmp,0.20,ess,74.20100000000001,74.307,74.25,74.22800000000001,74.493,74.2844,0.11833976508341952,74.25
44,74.263,ludcmp,0.25,ess,74.263,74.425,74.361,74.325,74.542,74.37039999999999,0.1039461398994679,74.361
45,74.244,ludcmp,0.30,ess,74.244,74.723,74.375,74.583,74.52,74.4194,0.13378452825345571,74.375
46,74.60300000000001,ludcmp,0.35,ess,74.60300000000001,74.679,74.578,74.444,74.616,74.5638,0.06895070703045797,74.578
47,74.523,ludcmp,0.40,ess,74.523,74.744,74.765,74.541,74.7,74.6588,0.11892518656702022,74.7
48,74.817,ludcmp,0.45,ess,74.817,75.015,74.821,74.56,74.797,74.76320000000001,0.11402718973998884,74.817
49,74.786,ludcmp,0.50,ess,74.786,74.743,74.846,74.697,74.967,74.8284,0.09860679489771366,74.846
50,75.075,ludcmp,0.55,ess,75.075,74.611,74.634,74.852,74.828,74.80460000000001,0.18311144147758887,74.828
51,74.976,ludcmp,0.60,ess,74.976,74.92399999999999,74.94,74.773,74.822,74.89020000000001,0.08761963250322373,74.94
52,74.956,ludcmp,0.65,ess,74.956,74.813,75.003,74.837,74.936,74.947,0.06814323150540925,74.956
53,74.832,ludcmp,0.70,ess,74.832,74.866,74.991,74.624,74.78399999999999,74.8444,0.15440304401144675,74.832
54,75.029,ludcmp,0.75,ess,75.029,74.782,74.832,74.82300000000001,74.862,74.87559999999999,0.08701321738678462,74.832
55,74.773,ludcmp,0.80,ess,74.773,74.73100000000001,74.947,74.93,74.94,74.9074,0.07545395947198799,74.94
56,74.913,ludcmp,0.85,ess,74.913,74.73,74.755,74.87899999999999,75.102,74.8808,0.1428467710520646,74.87899999999999
57,74.78399999999999,ludcmp,0.90,ess,74.78399999999999,74.874,74.96300000000001,74.911,75.02199999999999,74.9286,0.08987380040924305,74.96300000000001
58,74.87100000000001,ludcmp,0.95,ess,74.87100000000001,74.81,74.809,74.962,74.93,74.87620000000001,0.06948884802614351,74.87100000000001
59,74.859,ludcmp,1.00,ess,74.859,75.029,74.661,74.881,74.775,74.7674,0.10487516388544832,74.775
40,75.307,ludcmp,0.05,eae,75.307,75.243,75.104,75.20100000000001,75.059,75.155,0.09954647155977203,75.104
41,72.331,ludcmp,0.10,eae,72.331,72.23100000000001,72.375,72.14699999999999,72.282,72.30199999999999,0.09476813810559301,72.331
42,69.512,ludcmp,0.15,eae,69.512,69.346,69.585,69.501,69.441,69.5248,0.06123887654096423,69.512
43,66.565,ludcmp,0.20,eae,66.565,66.503,66.493,66.388,66.492,66.4862,0.0632036391357304,66.493
44,63.598,ludcmp,0.25,eae,63.598,63.815,63.615,63.476000000000006,63.71,63.6028,0.08350269456729932,63.615
45,60.79600000000001,ludcmp,0.30,eae,60.79600000000001,60.588,60.667,60.684,60.661,60.69500000000001,0.05710954386090186,60.667
46,57.802,ludcmp,0.35,eae,57.802,57.818000000000005,57.812,57.941,57.803000000000004,57.834,0.06000416652200182,57.812
47,54.853,ludcmp,0.40,eae,54.853,54.925,54.812,54.836000000000006,55.003,54.86319999999999,0.08004811053360376,54.836000000000006
48,52.068000000000005,ludcmp,0.45,eae,52.068000000000005,52.051,51.986000000000004,52.107,52.092,52.04780000000001,0.05810507723082159,52.068000000000005
49,49.101000000000006,ludcmp,0.50,eae,49.101000000000006,49.032,49.22,49.157,49.226000000000006,49.184799999999996,0.0547055755842115,49.22
50,46.192,ludcmp,0.55,eae,46.192,46.157,46.099,46.165,46.227,46.1564,0.056822530742655926,46.165
51,43.308,ludcmp,0.60,eae,43.308,43.343,43.29600000000001,43.336000000000006,43.261,43.299400000000006,0.026977768625296397,43.29600000000001
52,40.378,ludcmp,0.65,eae,40.378,40.309,40.384,40.42,40.381,40.3894,0.017285832349066173,40.384
53,37.423,ludcmp,0.70,eae,37.423,37.532,37.525,37.455,37.508,37.4872,0.04595867709149103,37.508
54,34.607,ludcmp,0.75,eae,34.607,34.619,34.544000000000004,34.499,34.567,34.552200000000006,0.039328106997412016,34.544000000000004
55,31.804000000000002,ludcmp,0.80,eae,31.804000000000002,31.634,31.706999999999997,31.664,31.713,31.719,0.05141497836234182,31.706999999999997
56,28.747,ludcmp,0.85,eae,28.747,28.828000000000003,28.761,28.713,28.756999999999998,28.7478,0.02027806696901762,28.756999999999998
57,25.835,ludcmp,0.90,eae,25.835,25.829,25.83,25.916999999999998,25.888,25.860000000000003,0.040180841205728984,25.835
58,22.945,ludcmp,0.95,eae,22.945,22.974,22.98,23.006,22.980999999999998,22.9784,0.021732464195300002,22.98
59,20.121,ludcmp,1.00,eae,20.121,20.059,20.049,20.101,20.046,20.073199999999996,0.035244857780958296,20.049
40,81.71600000000001,ludcmp,0.05,org,81.71600000000001,81.585,81.553,81.53,81.595,81.5894,0.07456071351590313,81.553
41,81.604,ludcmp,0.10,org,81.604,81.707,81.442,81.536,81.578,81.5204,0.0755698352519086,81.536
42,81.631,ludcmp,0.15,org,81.631,81.653,81.459,81.555,81.477,81.5162,0.07544004241780282,81.477
43,81.661,ludcmp,0.20,org,81.661,81.486,81.57,81.405,81.384,81.518,0.11893485611879999,81.57
44,81.666,ludcmp,0.25,org,81.666,81.62899999999999,81.462,81.583,81.433,81.5212,0.09946707998126424,81.462
45,81.608,ludcmp,0.30,org,81.608,81.54899999999999,81.54899999999999,81.605,81.42699999999999,81.54759999999999,0.07329938608201762,81.54899999999999
46,81.88,ludcmp,0.35,org,81.88,81.653,81.47800000000001,81.55199999999999,81.602,81.598,0.16617460696507905,81.55199999999999
47,81.618,ludcmp,0.40,org,81.618,81.57600000000001,81.556,81.384,81.571,81.53699999999999,0.0892300397848151,81.556
48,81.73899999999999,ludcmp,0.45,org,81.73899999999999,81.597,81.673,81.482,81.505,81.6144,0.11389820016137123,81.673
49,81.759,ludcmp,0.50,org,81.759,81.605,81.65,81.54899999999999,81.493,81.6202,0.10282363541521367,81.65
50,81.638,ludcmp,0.55,org,81.638,81.64,81.649,81.381,81.589,81.5812,0.1146307114171424,81.638
51,81.69,ludcmp,0.60,org,81.69,81.721,81.47,81.476,81.421,81.5054,0.10555946191601949,81.47
52,81.78399999999999,ludcmp,0.65,org,81.78399999999999,81.61399999999999,81.559,81.575,81.483,81.592,0.11315034246523097,81.559
53,81.671,ludcmp,0.70,org,81.671,81.598,81.714,81.518,81.48899999999999,81.62119999999999,0.1093512688540954,81.671
54,81.797,ludcmp,0.75,org,81.797,81.62100000000001,81.557,81.417,81.516,81.5688,0.13980772510844805,81.557
55,81.64399999999999,ludcmp,0.80,org,81.64399999999999,81.683,81.569,81.51100000000001,81.43,81.5446,0.07958203314818661,81.569
56,81.729,ludcmp,0.85,org,81.729,81.628,81.437,81.417,81.46300000000001,81.4966,0.13093815333965822,81.437
57,81.58800000000001,ludcmp,0.90,org,81.58800000000001,81.509,81.582,81.664,81.319,81.547,0.13210223313782296,81.582
58,81.683,ludcmp,0.95,org,81.683,81.61399999999999,81.578,81.56,81.476,81.575,0.07366817494685483,81.578
59,81.685,ludcmp,1.00,org,81.685,81.648,81.676,81.554,81.545,81.6272,0.07109641341164837,81.676
60,21.71,gramschmidt,0.05,plp,21.71,21.753,21.684,21.773000000000003,21.69,21.708199999999998,0.03776506321986061,21.69
61,21.701,gramschmidt,0.10,plp,21.701,21.595,21.595,21.734,21.570999999999998,21.6392,0.07308351387283057,21.595
62,21.65,gramschmidt,0.15,plp,21.65,21.643,21.605999999999998,21.749000000000002,21.686999999999998,21.659599999999998,0.060376319861351106,21.65
63,21.663,gramschmidt,0.20,plp,21.663,21.726,21.834,21.625,21.605,21.712200000000003,0.11312249997237475,21.663
64,21.726999999999997,gramschmidt,0.25,plp,21.726999999999997,21.669,21.641,21.689,21.615,21.662599999999994,0.04484194465007034,21.641
65,21.634,gramschmidt,0.30,plp,21.634,21.769000000000002,21.703000000000003,21.719,21.75,21.701800000000002,0.04248176079213293,21.703000000000003
66,21.628,gramschmidt,0.35,plp,21.628,21.648000000000003,21.631,21.654,21.689,21.6466,0.025909457732650375,21.631
67,21.634,gramschmidt,0.40,plp,21.634,21.656,21.774,21.748,21.674,21.720800000000004,0.06349173174516554,21.748
68,21.839000000000002,gramschmidt,0.45,plp,21.839000000000002,21.763,21.688000000000002,21.628,21.865,21.7416,0.10412156356874341,21.688000000000002
69,21.615,gramschmidt,0.50,plp,21.615,21.621,21.549,21.76,21.629,21.6204,0.08629484341488868,21.615
70,21.724,gramschmidt,0.55,plp,21.724,21.595,21.581999999999997,21.656999999999996,21.625999999999998,21.6342,0.059373394715142615,21.625999999999998
71,21.608,gramschmidt,0.60,plp,21.608,21.576,21.604,21.593000000000004,21.816999999999997,21.6452,0.09620135134185819,21.604
72,21.684,gramschmidt,0.65,plp,21.684,21.875,21.646,21.671999999999997,21.684,21.6664,0.0192561678430573,21.671999999999997
73,21.576999999999998,gramschmidt,0.70,plp,21.576999999999998,21.656999999999996,21.611,21.67,21.674,21.6286,0.04200357127673859,21.611
74,21.848000000000003,gramschmidt,0.75,plp,21.848000000000003,21.631,21.628,21.741999999999997,21.765,21.7222,0.09460021141625495,21.741999999999997
75,21.64,gramschmidt,0.80,plp,21.64,21.548000000000002,21.642,21.825,21.714000000000002,21.6926,0.08042885054506242,21.642
76,21.708000000000002,gramschmidt,0.85,plp,21.708000000000002,21.853,21.654,21.555,21.621,21.638399999999997,0.05610080213330368,21.654
77,21.565,gramschmidt,0.90,plp,21.565,21.59,21.401,21.73,21.551,21.529600000000002,0.13688243130511699,21.551
78,21.557,gramschmidt,0.95,plp,21.557,21.432,21.326999999999998,21.401,21.337,21.3898,0.09843373405494685,21.337
79,10.623,gramschmidt,1.00,plp,10.623,10.644,10.654000000000002,10.648,10.65,10.645800000000001,0.01300769003320812,10.65
60,22.059,gramschmidt,0.05,ess,22.059,22.026,22.052,21.98,22.009,22.030400000000004,0.034457219853029235,22.052
61,22.1,gramschmidt,0.10,ess,22.1,22.066999999999997,21.924,22.026,22.131,22.021,0.0964157663455522,22.026
62,22.03,gramschmidt,0.15,ess,22.03,22.079,22.005,22.165,22.065,22.053999999999995,0.06674578638386093,22.03
63,22.142,gramschmidt,0.20,ess,22.142,22.08,22.073,22.115,22.035999999999998,22.0878,0.04122741806128556,22.073
64,22.041999999999998,gramschmidt,0.25,ess,22.041999999999998,22.023000000000003,22.05,22.078000000000003,21.979,22.0398,0.03663604782178457,22.05
65,22.168000000000003,gramschmidt,0.30,ess,22.168000000000003,22.318,21.973000000000003,22.070999999999998,22.12,22.061,0.08734700910735266,22.070999999999998
66,22.2,gramschmidt,0.35,ess,22.2,21.984,22.0,22.092,21.991999999999997,22.0568,0.08999555544581084,22.0
67,21.97,gramschmidt,0.40,ess,21.97,22.069000000000003,22.162,22.059,21.984,22.0674,0.09275128031461283,22.059
68,22.361,gramschmidt,0.45,ess,22.361,21.945,22.085,22.031999999999996,22.023000000000003,22.117200000000004,0.1393240826275201,22.085
69,21.984,gramschmidt,0.50,ess,21.984,22.019000000000002,22.112,22.051,22.088,22.0694,0.053868358059252906,22.088
70,22.049,gramschmidt,0.55,ess,22.049,22.037,22.014,22.16,22.069000000000003,22.0612,0.0600558073794704,22.049
71,22.07,gramschmidt,0.60,ess,22.07,22.055,22.045,21.938000000000002,21.98,22.0156,0.05472019736806472,22.045
72,22.006,gramschmidt,0.65,ess,22.006,22.094,22.112,22.025,22.148000000000003,22.080599999999997,0.061585712628823966,22.112
73,22.098000000000003,gramschmidt,0.70,ess,22.098000000000003,22.223000000000003,22.04,22.004,22.078000000000003,22.052,0.036687872655689305,22.04
74,22.021,gramschmidt,0.75,ess,22.021,22.256999999999998,22.052,21.996,22.004,22.025,0.02624880949681324,22.021
75,21.996,gramschmidt,0.80,ess,21.996,22.09,22.051,22.156999999999996,21.976,22.0462,0.07030433841520638,22.051
76,22.026,gramschmidt,0.85,ess,22.026,22.059,22.094,22.184,22.180999999999997,22.1158,0.06692682571286296,22.094
77,22.055999999999997,gramschmidt,0.90,ess,22.055999999999997,21.98,22.108,22.048000000000002,21.989,22.0618,0.04947928859634091,22.055999999999997
78,22.048000000000002,gramschmidt,0.95,ess,22.048000000000002,22.006,22.096,22.026999999999997,21.982,22.0498,0.048447910171647804,22.048000000000002
79,21.79,gramschmidt,1.00,ess,21.79,21.947,21.831,21.754,21.795,21.8002,0.03225988220685182,21.795
60,22.084,gramschmidt,0.05,eae,22.084,22.059,22.031,22.166999999999998,22.159000000000002,22.0944,0.066315910609748,22.084
61,22.055999999999997,gramschmidt,0.10,eae,22.055999999999997,22.019000000000002,21.983,22.034000000000002,22.165,22.0442,0.07471077566188085,22.034000000000002
62,22.016,gramschmidt,0.15,eae,22.016,21.997,22.045,22.090999999999998,22.066,22.052599999999998,0.02788010043023455,22.045
63,21.968000000000004,gramschmidt,0.20,eae,21.968000000000004,21.983,21.967,22.230999999999998,22.029,22.0324,0.1141875649972438,21.968000000000004
64,22.070999999999998,gramschmidt,0.25,eae,22.070999999999998,22.074,22.066,22.033,22.238000000000003,22.0948,0.08147208110758089,22.066
65,22.04,gramschmidt,0.30,eae,22.04,22.124000000000002,22.031999999999996,22.019000000000002,22.075,22.0396,0.021173096136370667,22.031999999999996
66,22.016,gramschmidt,0.35,eae,22.016,22.147,22.029,22.046999999999997,22.070999999999998,22.0384,0.021302582003127568,22.029
67,22.034000000000002,gramschmidt,0.40,eae,22.034000000000002,22.076999999999998,22.125999999999998,22.088,22.081999999999997,22.091199999999997,0.038042081961951815,22.088
68,21.98,gramschmidt,0.45,eae,21.98,22.065,22.136999999999997,22.01,22.148000000000003,22.0824,0.08061203384110749,22.136999999999997
69,21.994,gramschmidt,0.50,eae,21.994,21.99,22.038,22.095,22.044,22.0418,0.0358775695943855,22.038
70,22.049,gramschmidt,0.55,eae,22.049,22.154,22.035999999999998,22.08,22.127,22.065599999999996,0.038746612755181875,22.049
71,22.029,gramschmidt,0.60,eae,22.029,22.011,22.041999999999998,22.160999999999998,22.154,22.0856,0.06589613038714795,22.041999999999998
72,22.026,gramschmidt,0.65,eae,22.026,22.028000000000002,22.115,21.956999999999997,22.095,22.0616,0.06896955850228453,22.095
73,22.006,gramschmidt,0.70,eae,22.006,22.101999999999997,22.022,21.996,22.039,22.017,0.016552945357247495,22.022
74,21.99,gramschmidt,0.75,eae,21.99,21.97,21.976,22.072,22.134,22.0296,0.07073047433744581,21.99
75,22.105999999999998,gramschmidt,0.80,eae,22.105999999999998,21.943,21.934,21.994,21.909000000000002,21.9754,0.07943424954010547,21.934
76,21.935,gramschmidt,0.85,eae,21.935,21.980999999999998,21.875999999999998,21.941,22.006,21.926799999999997,0.05408974024711261,21.935
77,21.831999999999997,gramschmidt,0.90,eae,21.831999999999997,21.974,21.845,21.933000000000003,21.814,21.8538,0.046061914853815764,21.845
78,21.660999999999998,gramschmidt,0.95,eae,21.660999999999998,21.918000000000003,21.723000000000003,21.859,21.715,21.736200000000004,0.07337029371619115,21.723000000000003
79,10.640999999999998,gramschmidt,1.00,eae,10.640999999999998,10.662,10.629000000000001,10.667,10.603,10.6338,0.023177575369308756,10.629000000000001
60,22.701999999999998,gramschmidt,0.05,org,22.701999999999998,22.747,23.331999999999997,23.166999999999998,22.798000000000002,23.0662,0.2983424207182063,23.166999999999998
61,22.838,gramschmidt,0.10,org,22.838,23.156999999999996,23.291999999999998,23.134,22.69,23.0492,0.27327861240865375,23.134
62,23.131,gramschmidt,0.15,org,23.131,23.085,23.160999999999998,23.14,22.973000000000003,23.1132,0.07946823264676098,23.14
63,23.085,gramschmidt,0.20,org,23.085,23.095,23.136999999999997,23.109,23.023000000000003,23.0982,0.04732018596751033,23.109
64,22.86,gramschmidt,0.25,org,22.86,23.111,23.153000000000002,23.029,22.994,23.0378,0.12262830015946692,23.029
65,22.745,gramschmidt,0.30,org,22.745,22.743000000000002,23.084,22.819000000000003,22.955,22.9374,0.1535652955585984,22.955
66,22.795,gramschmidt,0.35,org,22.795,22.772,23.142,22.991,22.967,23.007399999999997,0.14426468729387582,22.991
67,22.969,gramschmidt,0.40,org,22.969,22.706999999999997,22.916,23.038,22.910999999999998,22.95,0.05463057751845621,22.916
68,22.929000000000002,gramschmidt,0.45,org,22.929000000000002,23.074,22.699,22.769000000000002,22.69,22.7572,0.10117410735954159,22.699
69,22.945999999999998,gramschmidt,0.50,org,22.945999999999998,23.029,23.199,22.878,23.061999999999998,23.0568,0.14552903490369312,23.061999999999998
70,22.973000000000003,gramschmidt,0.55,org,22.973000000000003,22.743000000000002,23.134,22.845,23.059,23.029,0.12241527682442288,23.059
71,23.021,gramschmidt,0.60,org,23.021,23.124000000000002,23.131,22.721,22.96,22.9928,0.16877855313990583,23.021
72,23.141,gramschmidt,0.65,org,23.141,22.987,22.653000000000002,23.092,22.986,22.905,0.23676676287012738,22.986
73,22.76,gramschmidt,0.70,org,22.76,23.031999999999996,23.039,23.115,23.008000000000003,22.992200000000004,0.1356712939423805,23.039
74,22.861,gramschmidt,0.75,org,22.861,23.041,23.15,22.689,23.095,22.988999999999997,0.20582881236600395,23.095
75,23.005,gramschmidt,0.80,org,23.005,23.099,23.018,23.016,23.096,23.0306,0.03695673145720573,23.018
76,22.963,gramschmidt,0.85,org,22.963,22.741999999999997,22.74,22.726999999999997,22.983,22.830599999999997,0.13029313105455873,22.74
77,22.965999999999998,gramschmidt,0.90,org,22.965999999999998,23.098000000000003,23.109,23.015,22.755,22.9908,0.1455548006765849,23.015
78,22.978,gramschmidt,0.95,org,22.978,22.75,22.730999999999998,23.069000000000003,23.017,22.9052,0.162265831276953,22.978
79,22.654,gramschmidt,1.00,org,22.654,22.651,22.976,22.805,22.826,22.8474,0.13484732107090555,22.826
80,11.341,covariance,0.05,plp,11.341,11.335,11.276,11.382,11.356,11.3262,0.04811652522782577,11.341
81,11.319,covariance,0.10,plp,11.319,11.315,11.312000000000001,11.328,11.331,11.320400000000001,0.008848728722250716,11.319
82,11.319,covariance,0.15,plp,11.319,11.296,11.312999999999999,11.384,11.338,11.3334,0.030088203668547985,11.319
83,11.312000000000001,covariance,0.20,plp,11.312000000000001,11.344000000000001,11.369000000000002,11.305,11.370999999999999,11.3452,0.033603571238783624,11.369000000000002
84,11.355,covariance,0.25,plp,11.355,11.363,11.332,11.349,11.35,11.343600000000002,0.010830512453249536,11.349
85,11.35,covariance,0.30,plp,11.35,11.338,11.424000000000001,11.370999999999999,11.332,11.3802,0.04229893615683554,11.370999999999999
86,11.28,covariance,0.35,plp,11.28,11.309000000000001,11.355,11.344000000000001,11.299000000000001,11.3266,0.034818098741890256,11.344000000000001
87,11.357000000000001,covariance,0.40,plp,11.357000000000001,11.311,11.364,11.338,11.309000000000001,11.346400000000003,0.02345847394866092,11.357000000000001
88,11.304,covariance,0.45,plp,11.304,11.317,11.356,11.32,11.398,11.346799999999998,0.03654038861314944,11.356
89,11.341,covariance,0.50,plp,11.341,11.368,11.331,11.345,11.323,11.3342,0.008786353054595542,11.331
90,11.368,covariance,0.55,plp,11.368,11.388,11.347999999999999,11.357999999999999,11.414000000000001,11.3672,0.02744448942866418,11.357999999999999
91,11.365,covariance,0.60,plp,11.365,11.362,11.364,11.408,11.329,11.366000000000001,0.028026772914482603,11.364
92,11.335,covariance,0.65,plp,11.335,11.290999999999999,11.296,11.333,11.334000000000001,11.3188,0.02082546518087971,11.333
93,11.345,covariance,0.70,plp,11.345,11.304,11.306,11.319,11.368,11.328800000000001,0.027086897201415053,11.319
94,11.375,covariance,0.75,plp,11.375,11.319,11.402000000000001,11.315,11.350999999999999,11.369,0.036925600875274266,11.375
95,11.292,covariance,0.80,plp,11.292,11.325999999999999,11.350999999999999,11.405999999999999,11.347999999999999,11.349599999999999,0.040327410033375206,11.350999999999999
96,11.314,covariance,0.85,plp,11.314,11.294,11.368,11.365,11.323,11.347600000000002,0.026782456944798822,11.365
97,11.332,covariance,0.90,plp,11.332,11.367,11.306,11.335,11.345999999999998,11.325,0.018110770276274973,11.332
98,11.335,covariance,0.95,plp,11.335,11.282,11.319,11.33,11.342,11.329,0.010074720839804825,11.33
99,7.4670000000000005,covariance,1.00,plp,7.4670000000000005,7.479,7.443,7.46,7.4479999999999995,7.4522,0.010802777420645504,7.4479999999999995
80,11.625,covariance,0.05,ess,11.625,11.655999999999999,11.72,11.638,11.614,11.6634,0.0523622001065656,11.638
81,11.626,covariance,0.10,ess,11.626,11.634,11.620999999999999,11.719000000000001,11.7,11.657399999999999,0.04807598152924263,11.626
82,11.6,covariance,0.15,ess,11.6,11.625,11.682,11.662,11.644,11.654,0.03408812109811896,11.662
83,11.716,covariance,0.20,ess,11.716,11.630999999999998,11.616,11.7,11.685,11.666599999999999,0.04747420352149146,11.685
84,11.635,covariance,0.25,ess,11.635,11.684000000000001,11.739,11.606,11.620999999999999,11.668000000000001,0.06562011886609238,11.635
85,11.684000000000001,covariance,0.30,ess,11.684000000000001,11.627,11.65,11.725999999999999,11.67,11.676,0.031432467291002984,11.67
86,11.603,covariance,0.35,ess,11.603,11.648,11.735999999999999,11.672,11.636,11.676599999999999,0.05946259328350856,11.672
87,11.626,covariance,0.40,ess,11.626,11.684000000000001,11.717,11.644,11.657,11.6722,0.04235209557979433,11.657
88,11.607999999999999,covariance,0.45,ess,11.607999999999999,11.671,11.665,11.648,11.588,11.6348,0.035024277294471155,11.648
89,11.623,covariance,0.50,ess,11.623,11.707,11.713,11.698,11.635,11.6764,0.04390671930354165,11.698
90,11.600999999999999,covariance,0.55,ess,11.600999999999999,11.649000000000001,11.624,11.732000000000001,11.630999999999998,11.6424,0.051354649253987375,11.624
91,11.677,covariance,0.60,ess,11.677,11.663,11.731,11.745,11.703,11.717400000000001,0.027254357449773052,11.731
92,11.620999999999999,covariance,0.65,ess,11.620999999999999,11.674000000000001,11.634,11.669,11.649000000000001,11.641399999999999,0.018338484124922137,11.634
93,11.664000000000001,covariance,0.70,ess,11.664000000000001,11.655,11.762,11.753,11.677999999999999,11.7238,0.04859218044088984,11.753
94,11.654000000000002,covariance,0.75,ess,11.654000000000002,11.675,11.635,11.707,11.605,11.647200000000002,0.037751821148125045,11.635
95,11.651,covariance,0.80,ess,11.651,11.659,11.673,11.626,11.717,11.668,0.033555923471125425,11.673
96,11.669,covariance,0.85,ess,11.669,11.683,11.665999999999999,11.630999999999998,11.623,11.651,0.022124646889837767,11.665999999999999
97,11.615,covariance,0.90,ess,11.615,11.657,11.755999999999998,11.713,11.687000000000001,11.705400000000001,0.05850042734886557,11.713
98,11.645,covariance,0.95,ess,11.645,11.623,11.645,11.661,11.677999999999999,11.6548,0.014703741020570035,11.645
99,11.68,covariance,1.00,ess,11.68,11.682,11.634,11.628,11.671,11.6494,0.02416195356340175,11.634
80,11.552,covariance,0.05,eae,11.552,11.536,11.606,11.673,11.69,11.6254,0.056078516385510785,11.606
81,11.520999999999999,covariance,0.10,eae,11.520999999999999,11.592,11.573,11.556,11.579,11.5604,0.02363895090734849,11.573
82,11.65,covariance,0.15,eae,11.65,11.588,11.605,11.595,11.584000000000001,11.607800000000001,0.0251336427920822,11.605
83,11.556,covariance,0.20,eae,11.556,11.630999999999998,11.585999999999999,11.694,11.572000000000001,11.5988,0.054636983811334826,11.585999999999999
84,11.588,covariance,0.25,eae,11.588,11.592,11.564,11.71,11.620999999999999,11.609399999999999,0.060899917898138756,11.588
85,11.573,covariance,0.30,eae,11.573,11.562000000000001,11.638,11.634,11.630999999999998,11.6228,0.027994642344562722,11.634
86,11.587,covariance,0.35,eae,11.587,11.578,11.605,11.555,11.618,11.594,0.02443358344574154,11.605
87,11.538,covariance,0.40,eae,11.538,11.600999999999999,11.575,11.583,11.565999999999999,11.567400000000001,0.017501428513124095,11.575
88,11.585,covariance,0.45,eae,11.585,11.55,11.605,11.595999999999998,11.569,11.592,0.015264337522473406,11.595999999999998
89,11.536,covariance,0.50,eae,11.536,11.575,11.597999999999999,11.625,11.573,11.586,0.03345893004864315,11.597999999999999
90,11.575,covariance,0.55,eae,11.575,11.540999999999999,11.565,11.58,11.625,11.581999999999999,0.024899799195977686,11.575
91,11.572000000000001,covariance,0.60,eae,11.572000000000001,11.549000000000001,11.617,11.578,11.569,11.5906,0.024316660954991524,11.578
92,11.599,covariance,0.65,eae,11.599,11.558,11.642000000000001,11.607999999999999,11.592,11.6166,0.023870483866064142,11.607999999999999
93,11.561,covariance,0.70,eae,11.561,11.564,11.616,11.616,11.589,11.599599999999999,0.024541801074900563,11.616
94,11.602,covariance,0.75,eae,11.602,11.550999999999998,11.672,11.58,11.592,11.6236,0.044864239656992023,11.602
95,11.558,covariance,0.80,eae,11.558,11.584000000000001,11.575999999999999,11.574000000000002,11.581,11.573000000000002,0.008774964387391915,11.575999999999999
96,11.575,covariance,0.85,eae,11.575,11.614,11.654000000000002,11.575,11.584000000000001,11.6084,0.04178875446815906,11.584000000000001
97,11.574000000000002,covariance,0.90,eae,11.574000000000002,11.603,11.620999999999999,11.588,11.578,11.5964,0.023028243528327514,11.588
98,11.603,covariance,0.95,eae,11.603,11.604000000000001,11.592,11.603,11.552,11.5884,0.021078424988599256,11.592
99,7.447,covariance,1.00,eae,7.447,7.507000000000001,7.479,7.442,7.4639999999999995,7.4622,0.017369513522260748,7.4639999999999995
80,11.769,covariance,0.05,org,11.769,11.775,11.775,11.796,11.839,11.7908,0.028830539363667848,11.775
81,11.763,covariance,0.10,org,11.763,11.755999999999998,11.782,11.78,11.796,11.7806,0.011738824472663193,11.782
82,11.815,covariance,0.15,org,11.815,11.790999999999999,11.753,11.777000000000001,11.765999999999998,11.7728,0.025635912310662853,11.765999999999998
83,11.899000000000001,covariance,0.20,org,11.899000000000001,11.8,11.79,11.788,11.804,11.8142,0.04783513353174688,11.79
84,11.783,covariance,0.25,org,11.783,11.76,11.770999999999999,11.782,11.79,11.779399999999999,0.008264381404557925,11.782
85,11.796,covariance,0.30,org,11.796,11.782,11.780999999999999,11.82,11.777999999999999,11.7912,0.017569860557216252,11.780999999999999
86,11.812999999999999,covariance,0.35,org,11.812999999999999,11.769,11.765,11.823,11.769,11.787,0.028565713714171024,11.769
87,11.825,covariance,0.40,org,11.825,11.832,11.8,11.777999999999999,11.815,11.8036,0.01781291666179359,11.8
88,11.802,covariance,0.45,org,11.802,11.802,11.779000000000002,11.799000000000001,11.792,11.790200000000002,0.010848963084091681,11.792
89,11.774000000000001,covariance,0.50,org,11.774000000000001,11.798,11.770999999999999,11.799000000000001,11.815,11.786,0.020024984394501042,11.774000000000001
90,11.790999999999999,covariance,0.55,org,11.790999999999999,11.772,11.802,11.777999999999999,11.757,11.785999999999998,0.01898683754604753,11.790999999999999
91,11.763,covariance,0.60,org,11.763,11.842,11.786,11.787,11.815999999999999,11.787600000000001,0.018822858443923618,11.786
92,11.772,covariance,0.65,org,11.772,11.794,11.765999999999998,11.815999999999999,11.805,11.784999999999998,0.023727621035409614,11.772
93,11.764000000000001,covariance,0.70,org,11.764000000000001,11.775,11.802,11.792,11.796,11.7912,0.015786069808536224,11.796
94,11.835,covariance,0.75,org,11.835,11.807,11.765999999999998,11.790999999999999,11.890999999999998,11.8098,0.053429392659846225,11.790999999999999
95,11.78,covariance,0.80,org,11.78,11.780999999999999,11.819,11.770999999999999,11.773,11.7924,0.02451122191976646,11.78
96,11.764000000000001,covariance,0.85,org,11.764000000000001,11.796,11.812999999999999,11.800999999999998,11.809000000000001,11.8,0.020712315177207223,11.809000000000001
97,11.788,covariance,0.90,org,11.788,11.925999999999998,11.779000000000002,11.835999999999999,11.805,11.7974,0.024047868928450563,11.788
98,11.779000000000002,covariance,0.95,org,11.779000000000002,11.759,11.802,11.797,11.802,11.796400000000002,0.009964938534681592,11.802
99,11.697000000000001,covariance,1.00,org,11.697000000000001,11.804,11.7,11.71,11.765,11.7144,0.028710625210886898,11.7
